node1,node2,Heuristic distance,route_distance
Agra,Lucknow,294,330
Agra,Rajsamand,474,574
Agra,Raebareli,339,401
Agra,Patna,732,839
Agra,Gaya,748,871
Agra,Kota,305,401
Agra,Sikar,287,353
Agra,Prayagraj,429,472
Agra,Bhopal,438,536
Agra,Una,504,610
Agra,Bundi,304,408
Agra,Sarangarh,804,1002
Agra,Lakhimpur,286,363
Agra,Madhepura,840,970
Agra,Arrah,688,787
Agra,Daudnagar,681,800
Agra,Belagavi,1305,1561
Agra,Hanamkonda,1027,1257
Agra,Sitamarhi,747,887
Agra,Morena,75,82
Agra,Agra,0,0
Agra,Sitapur,267,326
Agra,Delhi,191,227
Agra,Faridabad,152,178
Agra,Jodhpur,506,570
Agra,Mahoba,280,371
Agra,Pakur,1025,1218
Agra,Sagar,376,421
Agra,Baghpat,210,270
Agra,Nawada,795,931
Agra,Bikaner,472,571
Agra,Mirzapur,508,567
Agra,Ghazipur,582,677
Agra,Jaipur,222,239
Agra,Durgapur,1019,1104
Agra,Chitrakoot,361,426
Agra,Aligarh,80,91
Agra,Rohtas,644,728
Agra,Palamu,715,886
Agra,Araria,947,1098
Agra,Dholpur,54,55
Agra,Calicut,1777,2233
Agra,Jehanabad,730,872
Agra,Bhagalpur,921,1070
Agra,Sri Ganganagar,504,620
Agra,Balaghat,633,793
Aligarh,Lucknow,305,333
Aligarh,Rajsamand,523,619
Aligarh,Raebareli,364,404
Aligarh,Patna,746,842
Aligarh,Gaya,770,874
Aligarh,Kota,370,446
Aligarh,Sikar,292,358
Aligarh,Prayagraj,462,501
Aligarh,Bhopal,518,630
Aligarh,Una,433,505
Aligarh,Bundi,365,453
Aligarh,Sarangarh,862,1095
Aligarh,Lakhimpur,264,328
Aligarh,Madhepura,844,973
Aligarh,Arrah,703,790
Aligarh,Daudnagar,704,803
Aligarh,Belagavi,1384,1660
Aligarh,Hanamkonda,1105,1350
Aligarh,Sitamarhi,748,890
Aligarh,Morena,155,175
Aligarh,Agra,80,93
Aligarh,Sitapur,258,306
Aligarh,Delhi,131,163
Aligarh,Faridabad,94,117
Aligarh,Jodhpur,534,615
Aligarh,Mahoba,339,444
Aligarh,Pakur,1039,1221
Aligarh,Sagar,454,514
Aligarh,Baghpat,143,165
Aligarh,Nawada,815,934
Aligarh,Bikaner,470,525
Aligarh,Mirzapur,541,597
Aligarh,Ghazipur,603,680
Aligarh,Jaipur,252,284
Aligarh,Durgapur,1044,1133
Aligarh,Chitrakoot,409,491
Aligarh,Aligarh,0,0
Aligarh,Rohtas,668,773
Aligarh,Palamu,751,916
Aligarh,Araria,949,1101
Aligarh,Dholpur,134,148
Aligarh,Calicut,1857,2326
Aligarh,Jehanabad,748,875
Aligarh,Bhagalpur,932,1073
Aligarh,Sri Ganganagar,467,588
Aligarh,Balaghat,706,886
Araria,Lucknow,653,763
Araria,Rajsamand,1367,1635
Araria,Raebareli,619,731
Araria,Patna,239,313
Araria,Gaya,287,396
Araria,Kota,1167,1396
Araria,Sikar,1233,1448
Araria,Prayagraj,567,673
Araria,Bhopal,1064,1294
Araria,Una,1240,1617
Araria,Bundi,1186,1428
Araria,Sarangarh,672,962
Araria,Lakhimpur,691,830
Araria,Madhepura,107,131
Araria,Arrah,286,355
Araria,Daudnagar,330,417
Araria,Belagavi,1761,2176
Araria,Hanamkonda,1213,1647
Araria,Sitamarhi,201,238
Araria,Morena,945,1113
Araria,Agra,947,1096
Araria,Sitapur,691,853
Araria,Delhi,1061,1275
Araria,Faridabad,1034,1272
Araria,Jodhpur,1441,1665
Araria,Mahoba,764,911
Araria,Pakur,170,236
Araria,Sagar,915,1126
Araria,Baghpat,1056,1278
Araria,Nawada,236,320
Araria,Bikaner,1417,1666
Araria,Mirzapur,503,597
Araria,Ghazipur,393,470
Araria,Jaipur,1165,1334
Araria,Durgapur,289,382
Araria,Chitrakoot,669,799
Araria,Aligarh,949,1111
Araria,Rohtas,364,449
Araria,Palamu,422,573
Araria,Araria,0,0
Araria,Dholpur,955,1126
Araria,Calicut,2052,2617
Araria,Jehanabad,267,362
Araria,Bhagalpur,110,137
Araria,Sri Ganganagar,1397,1716
Araria,Balaghat,880,1210
Arrah,Lucknow,398,452
Arrah,Rajsamand,1086,1325
Arrah,Raebareli,350,421
Arrah,Patna,47,52
Arrah,Gaya,90,130
Arrah,Kota,886,1086
Arrah,Sikar,975,1138
Arrah,Prayagraj,283,308
Arrah,Bhopal,778,940
Arrah,Una,1050,1307
Arrah,Bundi,906,1118
Arrah,Sarangarh,468,639
Arrah,Lakhimpur,468,595
Arrah,Madhepura,185,224
Arrah,Arrah,0,0
Arrah,Daudnagar,63,87
Arrah,Belagavi,1507,1820
Arrah,Hanamkonda,988,1321
Arrah,Sitamarhi,141,171
Arrah,Morena,675,802
Arrah,Agra,688,786
Arrah,Sitapur,455,543
Arrah,Delhi,826,964
Arrah,Faridabad,794,961
Arrah,Jodhpur,1168,1354
Arrah,Mahoba,481,557
Arrah,Pakur,336,432
Arrah,Sagar,629,772
Arrah,Baghpat,826,967
Arrah,Nawada,115,155
Arrah,Bikaner,1161,1356
Arrah,Mirzapur,216,242
Arrah,Ghazipur,109,122
Arrah,Jaipur,899,1024
Arrah,Durgapur,350,443
Arrah,Chitrakoot,384,445
Arrah,Aligarh,703,801
Arrah,Rohtas,84,94
Arrah,Palamu,198,247
Arrah,Araria,286,352
Arrah,Dholpur,689,816
Arrah,Calicut,1838,2328
Arrah,Jehanabad,49,80
Arrah,Bhagalpur,234,283
Arrah,Sri Ganganagar,1167,1406
Arrah,Balaghat,616,855
Baghpat,Lucknow,433,496
Baghpat,Rajsamand,542,661
Baghpat,Raebareli,498,567
Baghpat,Patna,866,1005
Baghpat,Gaya,898,1037
Baghpat,Kota,434,542
Baghpat,Sikar,252,307
Baghpat,Prayagraj,600,664
Baghpat,Bhopal,629,853
Baghpat,Una,294,348
Baghpat,Bundi,419,549
Baghpat,Sarangarh,1005,1265
Baghpat,Lakhimpur,364,430
Baghpat,Madhepura,954,1136
Baghpat,Arrah,826,953
Baghpat,Daudnagar,833,966
Baghpat,Belagavi,1476,1756
Baghpat,Hanamkonda,1234,1520
Baghpat,Sitamarhi,856,1053
Baghpat,Morena,281,345
Baghpat,Agra,210,265
Baghpat,Sitapur,371,433
Baghpat,Delhi,29,48
Baghpat,Faridabad,59,67
Baghpat,Jodhpur,511,593
Baghpat,Mahoba,482,607
Baghpat,Pakur,1158,1384
Baghpat,Sagar,585,684
Baghpat,Baghpat,0,0
Baghpat,Nawada,939,1097
Baghpat,Bikaner,396,457
Baghpat,Mirzapur,676,760
Baghpat,Ghazipur,730,843
Baghpat,Jaipur,265,326
Baghpat,Durgapur,1172,1296
Baghpat,Chitrakoot,551,653
Baghpat,Aligarh,143,162
Baghpat,Rohtas,798,936
Baghpat,Palamu,888,1079
Baghpat,Araria,1056,1264
Baghpat,Dholpur,257,318
Baghpat,Calicut,1963,2442
Baghpat,Jehanabad,873,1038
Baghpat,Bhagalpur,1049,1236
Baghpat,Sri Ganganagar,342,432
Baghpat,Balaghat,843,1056
Balaghat,Lucknow,563,732
Balaghat,Rajsamand,737,999
Balaghat,Raebareli,501,655
Balaghat,Patna,656,907
Balaghat,Gaya,592,885
Balaghat,Kota,579,768
Balaghat,Sikar,819,1107
Balaghat,Prayagraj,435,582
Balaghat,Bhopal,327,469
Balaghat,Una,1138,1400
Balaghat,Bundi,612,801
Balaghat,Sarangarh,300,439
Balaghat,Lakhimpur,682,902
Balaghat,Madhepura,794,1079
Balaghat,Arrah,616,855
Balaghat,Daudnagar,559,829
Balaghat,Belagavi,891,1089
Balaghat,Hanamkonda,426,538
Balaghat,Sitamarhi,755,1026
Balaghat,Morena,564,714
Balaghat,Agra,633,795
Balaghat,Sitapur,639,861
Balaghat,Delhi,823,1011
Balaghat,Faridabad,785,968
Balaghat,Jodhpur,877,1151
Balaghat,Mahoba,386,540
Balaghat,Pakur,844,1161
Balaghat,Sagar,269,353
Balaghat,Baghpat,843,1060
Balaghat,Nawada,645,944
Balaghat,Bikaner,976,1240
Balaghat,Mirzapur,440,614
Balaghat,Ghazipur,542,756
Balaghat,Jaipur,719,973
Balaghat,Durgapur,756,1024
Balaghat,Chitrakoot,379,504
Balaghat,Aligarh,706,883
Balaghat,Rohtas,532,794
Balaghat,Palamu,460,704
Balaghat,Araria,880,1207
Balaghat,Dholpur,588,738
Balaghat,Calicut,1258,1596
Balaghat,Jehanabad,618,897
Balaghat,Bhagalpur,790,1123
Balaghat,Sri Ganganagar,1096,1410
Balaghat,Balaghat,0,0
Belagavi,Lucknow,1389,1717
Belagavi,Rajsamand,1022,1269
Belagavi,Raebareli,1346,1617
Belagavi,Patna,1545,1869
Belagavi,Gaya,1476,1865
Belagavi,Kota,1046,1212
Belagavi,Sikar,1303,1576
Belagavi,Prayagraj,1307,1544
Belagavi,Bhopal,875,1086
Belagavi,Una,1739,2068
Belagavi,Bundi,1067,1245
Belagavi,Sarangarh,1104,1384
Belagavi,Lakhimpur,1487,1850
Belagavi,Madhepura,1681,2041
Belagavi,Arrah,1507,1817
Belagavi,Daudnagar,1448,1794
Belagavi,Belagavi,0,0
Belagavi,Hanamkonda,589,737
Belagavi,Sitamarhi,1647,1988
Belagavi,Morena,1233,1483
Belagavi,Agra,1305,1564
Belagavi,Sitapur,1445,1809
Belagavi,Delhi,1448,1719
Belagavi,Faridabad,1420,1684
Belagavi,Jodhpur,1160,1457
Belagavi,Mahoba,1186,1488
Belagavi,Pakur,1698,2137
Belagavi,Sagar,989,1260
Belagavi,Baghpat,1476,1786
Belagavi,Nawada,1525,1925
Belagavi,Bikaner,1353,1630
Belagavi,Mirzapur,1327,1576
Belagavi,Ghazipur,1433,1718
Belagavi,Jaipur,1232,1463
Belagavi,Durgapur,1588,2000
Belagavi,Chitrakoot,1227,1466
Belagavi,Aligarh,1384,1702
Belagavi,Rohtas,1422,1756
Belagavi,Palamu,1338,1711
Belagavi,Araria,1761,2169
Belagavi,Dholpur,1251,1507
Belagavi,Calicut,526,647
Belagavi,Jehanabad,1505,1866
Belagavi,Bhagalpur,1663,2100
Belagavi,Sri Ganganagar,1558,1878
Belagavi,Balaghat,891,1091
Bhagalpur,Lucknow,628,735
Bhagalpur,Rajsamand,1319,1608
Bhagalpur,Raebareli,584,704
Bhagalpur,Patna,188,233
Bhagalpur,Gaya,205,240
Bhagalpur,Kota,1119,1369
Bhagalpur,Sikar,1208,1421
Bhagalpur,Prayagraj,516,591
Bhagalpur,Bhopal,995,1223
Bhagalpur,Una,1255,1590
Bhagalpur,Bundi,1140,1401
Bhagalpur,Sarangarh,567,780
Bhagalpur,Lakhimpur,686,878
Bhagalpur,Madhepura,119,186
Bhagalpur,Arrah,234,283
Bhagalpur,Daudnagar,260,298
Bhagalpur,Belagavi,1663,2103
Bhagalpur,Hanamkonda,1108,1542
Bhagalpur,Sitamarhi,210,302
Bhagalpur,Morena,910,1086
Bhagalpur,Agra,921,1069
Bhagalpur,Sitapur,679,826
Bhagalpur,Delhi,1052,1248
Bhagalpur,Faridabad,1021,1244
Bhagalpur,Jodhpur,1403,1638
Bhagalpur,Mahoba,714,840
Bhagalpur,Pakur,110,151
Bhagalpur,Sagar,848,1055
Bhagalpur,Baghpat,1049,1250
Bhagalpur,Nawada,149,181
Bhagalpur,Bikaner,1394,1639
Bhagalpur,Mirzapur,444,525
Bhagalpur,Ghazipur,343,405
Bhagalpur,Jaipur,1134,1307
Bhagalpur,Durgapur,193,246
Bhagalpur,Chitrakoot,615,728
Bhagalpur,Aligarh,932,1084
Bhagalpur,Rohtas,298,344
Bhagalpur,Palamu,329,454
Bhagalpur,Araria,110,137
Bhagalpur,Dholpur,923,1099
Bhagalpur,Calicut,1945,2466
Bhagalpur,Jehanabad,200,225
Bhagalpur,Bhagalpur,0,0
Bhagalpur,Sri Ganganagar,1391,1689
Bhagalpur,Balaghat,790,1108
Bhopal,Lucknow,534,612
Bhopal,Rajsamand,410,573
Bhopal,Raebareli,509,579
Bhopal,Patna,824,990
Bhopal,Gaya,790,986
Bhopal,Kota,267,341
Bhopal,Sikar,533,705
Bhopal,Prayagraj,510,619
Bhopal,Bhopal,0,0
Bhopal,Una,916,1156
Bhopal,Bundi,299,375
Bhopal,Sarangarh,611,748
Bhopal,Lakhimpur,619,745
Bhopal,Madhepura,962,1164
Bhopal,Arrah,778,938
Bhopal,Daudnagar,736,915
Bhopal,Belagavi,875,1087
Bhopal,Hanamkonda,623,793
Bhopal,Sitamarhi,896,1085
Bhopal,Morena,363,460
Bhopal,Agra,438,542
Bhopal,Sitapur,579,703
Bhopal,Delhi,603,783
Bhopal,Faridabad,570,748
Bhopal,Jodhpur,553,724
Bhopal,Mahoba,337,383
Bhopal,Pakur,1073,1362
Bhopal,Sagar,149,169
Bhopal,Baghpat,629,849
Bhopal,Nawada,846,1045
Bhopal,Bikaner,669,814
Bhopal,Mirzapur,562,683
Bhopal,Ghazipur,676,821
Bhopal,Jaipur,436,593
Bhopal,Durgapur,1012,1252
Bhopal,Chitrakoot,410,504
Bhopal,Aligarh,518,630
Bhopal,Rohtas,700,876
Bhopal,Palamu,685,890
Bhopal,Araria,1064,1292
Bhopal,Dholpur,383,484
Bhopal,Calicut,1339,1711
Bhopal,Jehanabad,798,987
Bhopal,Bhagalpur,995,1221
Bhopal,Sri Ganganagar,816,1050
Bhopal,Balaghat,327,469
Bikaner,Lucknow,766,855
Bikaner,Rajsamand,332,422
Bikaner,Raebareli,811,926
Bikaner,Patna,1205,1363
Bikaner,Gaya,1219,1396
Bikaner,Kota,401,476
Bikaner,Sikar,185,221
Bikaner,Prayagraj,895,1042
Bikaner,Bhopal,669,813
Bikaner,Una,477,608
Bikaner,Bundi,369,439
Bikaner,Sarangarh,1217,1543
Bikaner,Lakhimpur,734,884
Bikaner,Madhepura,1311,1494
Bikaner,Arrah,1161,1311
Bikaner,Daudnagar,1153,1325
Bikaner,Belagavi,1353,1628
Bikaner,Hanamkonda,1280,1619
Bikaner,Sitamarhi,1216,1411
Bikaner,Morena,493,622
Bikaner,Agra,472,570
Bikaner,Sitapur,727,827
Bikaner,Delhi,379,423
Bikaner,Faridabad,395,445
Bikaner,Jodhpur,199,253
Bikaner,Mahoba,720,941
Bikaner,Pakur,1498,1743
Bikaner,Sagar,714,919
Bikaner,Baghpat,396,456
Bikaner,Nawada,1267,1455
Bikaner,Bikaner,0,0
Bikaner,Mirzapur,975,1138
Bikaner,Ghazipur,1055,1202
Bikaner,Jaipur,273,334
Bikaner,Durgapur,1489,1674
Bikaner,Chitrakoot,815,996
Bikaner,Aligarh,470,523
Bikaner,Rohtas,1115,1298
Bikaner,Palamu,1175,1457
Bikaner,Araria,1417,1623
Bikaner,Dholpur,476,595
Bikaner,Calicut,1873,2314
Bikaner,Jehanabad,1202,1397
Bikaner,Bhagalpur,1394,1594
Bikaner,Sri Ganganagar,216,241
Bikaner,Balaghat,976,1240
Bundi,Lucknow,552,667
Bundi,Rajsamand,182,231
Bundi,Raebareli,568,695
Bundi,Patna,953,1162
Bundi,Gaya,945,1120
Bundi,Kota,32,38
Bundi,Sikar,246,331
Bundi,Prayagraj,623,753
Bundi,Bhopal,299,374
Bundi,Una,671,823
Bundi,Bundi,0,0
Bundi,Sarangarh,869,1081
Bundi,Lakhimpur,581,757
Bundi,Madhepura,1079,1293
Bundi,Arrah,906,1110
Bundi,Daudnagar,882,1049
Bundi,Belagavi,1067,1245
Bundi,Hanamkonda,916,1181
Bundi,Sitamarhi,994,1210
Bundi,Morena,262,346
Bundi,Agra,304,407
Bundi,Sitapur,554,733
Bundi,Delhi,390,475
Bundi,Faridabad,369,440
Bundi,Jodhpur,277,350
Bundi,Mahoba,426,517
Bundi,Pakur,1234,1496
Bundi,Sagar,359,481
Bundi,Baghpat,419,541
Bundi,Nawada,999,1179
Bundi,Bikaner,369,440
Bundi,Mirzapur,697,825
Bundi,Ghazipur,797,955
Bundi,Jaipur,164,219
Bundi,Durgapur,1200,1386
Bundi,Chitrakoot,526,638
Bundi,Aligarh,365,457
Bundi,Rohtas,843,1010
Bundi,Palamu,873,1084
Bundi,Araria,1186,1421
Bundi,Dholpur,264,337
Bundi,Calicut,1568,1930
Bundi,Jehanabad,940,1121
Bundi,Bhagalpur,1140,1393
Bundi,Sri Ganganagar,525,676
Bundi,Balaghat,612,802
Calicut,Lucknow,1808,2224
Calicut,Rajsamand,1541,1978
Calicut,Raebareli,1754,2124
Calicut,Patna,1867,2376
Calicut,Gaya,1786,2372
Calicut,Kota,1544,1894
Calicut,Sikar,1811,2258
Calicut,Prayagraj,1694,2051
Calicut,Bhopal,1339,1708
Calicut,Una,2238,2750
Calicut,Bundi,1568,1927
Calicut,Sarangarh,1382,1863
Calicut,Lakhimpur,1919,2357
Calicut,Madhepura,1991,2547
Calicut,Arrah,1838,2324
Calicut,Daudnagar,1775,2301
Calicut,Belagavi,526,647
Calicut,Hanamkonda,850,1059
Calicut,Sitamarhi,1979,2494
Calicut,Morena,1702,2152
Calicut,Agra,1777,2234
Calicut,Sitapur,1876,2315
Calicut,Delhi,1936,2401
Calicut,Faridabad,1905,2366
Calicut,Jodhpur,1683,2166
Calicut,Mahoba,1612,1995
Calicut,Pakur,1953,2430
Calicut,Sagar,1427,1805
Calicut,Baghpat,1963,2468
Calicut,Nawada,1826,2431
Calicut,Bikaner,1873,2312
Calicut,Mirzapur,1694,2083
Calicut,Ghazipur,1785,2224
Calicut,Jaipur,1732,2145
Calicut,Durgapur,1826,2264
Calicut,Chitrakoot,1631,1973
Calicut,Aligarh,1857,2322
Calicut,Rohtas,1758,2262
Calicut,Palamu,1647,2169
Calicut,Araria,2052,2643
Calicut,Dholpur,1723,2176
Calicut,Calicut,0,0
Calicut,Jehanabad,1824,2373
Calicut,Bhagalpur,1945,2495
Calicut,Sri Ganganagar,2074,2560
Calicut,Balaghat,1258,1597
Chitrakoot,Lucknow,185,228
Chitrakoot,Rajsamand,704,846
Chitrakoot,Raebareli,122,151
Chitrakoot,Patna,432,495
Chitrakoot,Gaya,419,491
Chitrakoot,Kota,504,606
Chitrakoot,Sikar,631,776
Chitrakoot,Prayagraj,102,124
Chitrakoot,Bhopal,410,504
Chitrakoot,Una,829,1006
Chitrakoot,Bundi,526,638
Chitrakoot,Sarangarh,457,686
Chitrakoot,Lakhimpur,306,357
Chitrakoot,Madhepura,564,669
Chitrakoot,Arrah,384,443
Chitrakoot,Daudnagar,356,420
Chitrakoot,Belagavi,1227,1469
Chitrakoot,Hanamkonda,805,1001
Chitrakoot,Sitamarhi,490,590
Chitrakoot,Morena,322,423
Chitrakoot,Agra,361,424
Chitrakoot,Sitapur,265,316
Chitrakoot,Delhi,540,641
Chitrakoot,Faridabad,502,600
Chitrakoot,Jodhpur,795,988
Chitrakoot,Mahoba,99,121
Chitrakoot,Pakur,708,867
Chitrakoot,Sagar,261,336
Chitrakoot,Baghpat,551,666
Chitrakoot,Nawada,473,550
Chitrakoot,Bikaner,815,995
Chitrakoot,Mirzapur,171,196
Chitrakoot,Ghazipur,276,326
Chitrakoot,Jaipur,543,662
Chitrakoot,Durgapur,679,757
Chitrakoot,Chitrakoot,0,0
Chitrakoot,Aligarh,409,501
Chitrakoot,Rohtas,318,381
Chitrakoot,Palamu,359,540
Chitrakoot,Araria,669,797
Chitrakoot,Dholpur,342,447
Chitrakoot,Calicut,1631,1977
Chitrakoot,Jehanabad,415,492
Chitrakoot,Bhagalpur,615,726
Chitrakoot,Sri Ganganagar,866,1045
Chitrakoot,Balaghat,379,504
Daudnagar,Lucknow,399,466
Daudnagar,Rajsamand,1060,1259
Daudnagar,Raebareli,342,435
Daudnagar,Patna,96,105
Daudnagar,Gaya,66,71
Daudnagar,Kota,860,1019
Daudnagar,Sikar,967,1151
Daudnagar,Prayagraj,261,285
Daudnagar,Bhopal,736,917
Daudnagar,Una,1069,1321
Daudnagar,Bundi,882,1051
Daudnagar,Sarangarh,404,553
Daudnagar,Lakhimpur,484,609
Daudnagar,Madhepura,235,288
Daudnagar,Arrah,63,87
Daudnagar,Daudnagar,0,0
Daudnagar,Belagavi,1448,1797
Daudnagar,Hanamkonda,925,1235
Daudnagar,Sitamarhi,204,235
Daudnagar,Morena,662,772
Daudnagar,Agra,681,800
Daudnagar,Sitapur,465,557
Daudnagar,Delhi,831,978
Daudnagar,Faridabad,797,975
Daudnagar,Jodhpur,1149,1368
Daudnagar,Mahoba,455,534
Daudnagar,Pakur,351,447
Daudnagar,Sagar,589,749
Daudnagar,Baghpat,833,981
Daudnagar,Nawada,116,130
Daudnagar,Bikaner,1153,1370
Daudnagar,Mirzapur,185,219
Daudnagar,Ghazipur,102,136
Daudnagar,Jaipur,886,1038
Daudnagar,Durgapur,339,377
Daudnagar,Chitrakoot,356,422
Daudnagar,Aligarh,704,815
Daudnagar,Rohtas,38,46
Daudnagar,Palamu,135,160
Daudnagar,Araria,330,416
Daudnagar,Dholpur,677,830
Daudnagar,Calicut,1775,2305
Daudnagar,Jehanabad,62,72
Daudnagar,Bhagalpur,260,298
Daudnagar,Sri Ganganagar,1170,1420
Daudnagar,Balaghat,559,815
Delhi,Lucknow,431,497
Delhi,Rajsamand,514,621
Delhi,Raebareli,493,568
Delhi,Patna,867,1005
Delhi,Gaya,896,1038
Delhi,Kota,405,467
Delhi,Sikar,227,273
Delhi,Prayagraj,593,665
Delhi,Bhopal,603,778
Delhi,Una,316,365
Delhi,Bundi,390,474
Delhi,Sarangarh,991,1220
Delhi,Lakhimpur,370,451
Delhi,Madhepura,958,1137
Delhi,Arrah,826,953
Delhi,Daudnagar,831,967
Delhi,Belagavi,1448,1681
Delhi,Hanamkonda,1210,1475
Delhi,Sitamarhi,861,1054
Delhi,Morena,260,300
Delhi,Agra,191,220
Delhi,Sitapur,373,454
Delhi,Delhi,0,0
Delhi,Faridabad,38,46
Delhi,Jodhpur,486,559
Delhi,Mahoba,467,587
Delhi,Pakur,1160,1385
Delhi,Sagar,563,639
Delhi,Baghpat,29,55
Delhi,Nawada,939,1098
Delhi,Bikaner,379,424
Delhi,Mirzapur,671,761
Delhi,Ghazipur,728,844
Delhi,Jaipur,237,286
Delhi,Durgapur,1170,1297
Delhi,Chitrakoot,540,642
Delhi,Aligarh,131,163
Delhi,Rohtas,796,937
Delhi,Palamu,882,1080
Delhi,Araria,1061,1265
Delhi,Dholpur,235,273
Delhi,Calicut,1936,2367
Delhi,Jehanabad,872,1039
Delhi,Bhagalpur,1052,1236
Delhi,Sri Ganganagar,340,408
Delhi,Balaghat,823,1011
Dholpur,Lucknow,304,360
Dholpur,Rajsamand,440,533
Dholpur,Raebareli,339,430
Dholpur,Patna,734,868
Dholpur,Gaya,743,901
Dholpur,Kota,261,335
Dholpur,Sikar,290,399
Dholpur,Prayagraj,419,490
Dholpur,Bhopal,383,481
Dholpur,Una,551,662
Dholpur,Bundi,264,339
Dholpur,Sarangarh,773,947
Dholpur,Lakhimpur,317,402
Dholpur,Madhepura,848,999
Dholpur,Arrah,689,816
Dholpur,Daudnagar,677,829
Dholpur,Belagavi,1251,1506
Dholpur,Hanamkonda,977,1201
Dholpur,Sitamarhi,757,916
Dholpur,Morena,24,27
Dholpur,Agra,54,57
Dholpur,Sitapur,292,355
Dholpur,Delhi,235,273
Dholpur,Faridabad,198,230
Dholpur,Jodhpur,487,606
Dholpur,Mahoba,253,327
Dholpur,Pakur,1025,1248
Dholpur,Sagar,327,366
Dholpur,Baghpat,257,322
Dholpur,Nawada,793,960
Dholpur,Bikaner,476,618
Dholpur,Mirzapur,499,585
Dholpur,Ghazipur,581,707
Dholpur,Jaipur,210,264
Dholpur,Durgapur,1012,1122
Dholpur,Chitrakoot,342,448
Dholpur,Aligarh,134,145
Dholpur,Rohtas,639,746
Dholpur,Palamu,700,904
Dholpur,Araria,955,1127
Dholpur,Dholpur,0,0
Dholpur,Calicut,1723,2177
Dholpur,Jehanabad,729,902
Dholpur,Bhagalpur,923,1099
Dholpur,Sri Ganganagar,530,672
Dholpur,Balaghat,588,738
Durgapur,Lucknow,739,842
Durgapur,Rajsamand,1373,1595
Durgapur,Raebareli,681,743
Durgapur,Patna,318,413
Durgapur,Gaya,273,311
Durgapur,Kota,1176,1355
Durgapur,Sikar,1303,1452
Durgapur,Prayagraj,593,621
Durgapur,Bhopal,1012,1253
Durgapur,Una,1400,1648
Durgapur,Bundi,1200,1387
Durgapur,Sarangarh,485,658
Durgapur,Lakhimpur,818,929
Durgapur,Madhepura,308,435
Durgapur,Arrah,350,442
Durgapur,Daudnagar,339,376
Durgapur,Belagavi,1588,2003
Durgapur,Hanamkonda,1011,1391
Durgapur,Sitamarhi,385,481
Durgapur,Morena,996,1108
Durgapur,Agra,1019,1101
Durgapur,Sitapur,803,933
Durgapur,Delhi,1170,1317
Durgapur,Faridabad,1137,1276
Durgapur,Jodhpur,1473,1669
Durgapur,Mahoba,778,870
Durgapur,Pakur,134,168
Durgapur,Sagar,875,1085
Durgapur,Baghpat,1172,1308
Durgapur,Nawada,234,306
Durgapur,Bikaner,1489,1671
Durgapur,Mirzapur,513,555
Durgapur,Ghazipur,442,512
Durgapur,Jaipur,1220,1339
Durgapur,Durgapur,0,0
Durgapur,Chitrakoot,679,758
Durgapur,Aligarh,1044,1142
Durgapur,Rohtas,375,405
Durgapur,Palamu,329,427
Durgapur,Araria,289,386
Durgapur,Dholpur,1012,1119
Durgapur,Calicut,1826,2240
Durgapur,Jehanabad,301,361
Durgapur,Bhagalpur,193,251
Durgapur,Sri Ganganagar,1510,1721
Durgapur,Balaghat,756,1027
Faridabad,Lucknow,397,447
Faridabad,Rajsamand,503,607
Faridabad,Raebareli,458,518
Faridabad,Patna,836,955
Faridabad,Gaya,863,988
Faridabad,Kota,382,433
Faridabad,Sikar,231,290
Faridabad,Prayagraj,557,615
Faridabad,Bhopal,570,744
Faridabad,Una,353,402
Faridabad,Bundi,369,440
Faridabad,Sarangarh,953,1175
Faridabad,Lakhimpur,343,451
Faridabad,Madhepura,930,1087
Faridabad,Arrah,794,903
Faridabad,Daudnagar,797,917
Faridabad,Belagavi,1420,1647
Faridabad,Hanamkonda,1174,1430
Faridabad,Sitamarhi,833,1004
Faridabad,Morena,222,255
Faridabad,Agra,152,175
Faridabad,Sitapur,343,419
Faridabad,Delhi,38,46
Faridabad,Faridabad,0,0
Faridabad,Jodhpur,488,603
Faridabad,Mahoba,429,544
Faridabad,Pakur,1129,1335
Faridabad,Sagar,525,594
Faridabad,Baghpat,59,69
Faridabad,Nawada,906,1047
Faridabad,Bikaner,395,457
Faridabad,Mirzapur,635,711
Faridabad,Ghazipur,695,794
Faridabad,Jaipur,224,272
Faridabad,Durgapur,1137,1247
Faridabad,Chitrakoot,502,599
Faridabad,Aligarh,94,116
Faridabad,Rohtas,762,887
Faridabad,Palamu,846,1030
Faridabad,Araria,1034,1215
Faridabad,Dholpur,198,228
Faridabad,Calicut,1905,2333
Faridabad,Jehanabad,840,989
Faridabad,Bhagalpur,1021,1186
Faridabad,Sri Ganganagar,373,448
Faridabad,Balaghat,785,966
Gaya,Lucknow,465,537
Gaya,Rajsamand,1122,1330
Gaya,Raebareli,409,506
Gaya,Patna,89,102
Gaya,Gaya,0,0
Gaya,Kota,923,1090
Gaya,Sikar,1033,1223
Gaya,Prayagraj,325,356
Gaya,Bhopal,790,988
Gaya,Una,1131,1392
Gaya,Bundi,945,1122
Gaya,Sarangarh,405,566
Gaya,Lakhimpur,547,680
Gaya,Madhepura,206,283
Gaya,Arrah,90,130
Gaya,Daudnagar,66,71
Gaya,Belagavi,1476,1868
Gaya,Hanamkonda,939,1323
Gaya,Sitamarhi,205,230
Gaya,Morena,728,843
Gaya,Agra,748,871
Gaya,Sitapur,530,628
Gaya,Delhi,896,1049
Gaya,Faridabad,863,1046
Gaya,Jodhpur,1214,1439
Gaya,Mahoba,519,605
Gaya,Pakur,288,364
Gaya,Sagar,644,820
Gaya,Baghpat,898,1052
Gaya,Nawada,55,59
Gaya,Bikaner,1219,1441
Gaya,Mirzapur,248,290
Gaya,Ghazipur,168,207
Gaya,Jaipur,952,1109
Gaya,Durgapur,273,313
Gaya,Chitrakoot,419,493
Gaya,Aligarh,770,886
Gaya,Rohtas,103,117
Gaya,Palamu,139,216
Gaya,Araria,287,396
Gaya,Dholpur,743,901
Gaya,Calicut,1786,2322
Gaya,Jehanabad,46,49
Gaya,Bhagalpur,205,240
Gaya,Sri Ganganagar,1236,1491
Gaya,Balaghat,592,871
Ghazipur,Lucknow,297,343
Ghazipur,Rajsamand,977,1165
Ghazipur,Raebareli,243,279
Ghazipur,Patna,156,174
Ghazipur,Gaya,168,207
Ghazipur,Kota,777,926
Ghazipur,Sikar,869,1028
Ghazipur,Prayagraj,174,202
Ghazipur,Bhopal,676,823
Ghazipur,Una,967,1198
Ghazipur,Bundi,797,958
Ghazipur,Sarangarh,446,689
Ghazipur,Lakhimpur,381,486
Ghazipur,Madhepura,288,342
Ghazipur,Arrah,109,122
Ghazipur,Daudnagar,102,136
Ghazipur,Belagavi,1433,1723
Ghazipur,Hanamkonda,936,1254
Ghazipur,Sitamarhi,222,289
Ghazipur,Morena,567,693
Ghazipur,Agra,582,676
Ghazipur,Sitapur,362,433
Ghazipur,Delhi,728,855
Ghazipur,Faridabad,695,852
Ghazipur,Jodhpur,1059,1245
Ghazipur,Mahoba,372,441
Ghazipur,Pakur,443,554
Ghazipur,Sagar,526,656
Ghazipur,Baghpat,730,858
Ghazipur,Nawada,212,267
Ghazipur,Bikaner,1055,1247
Ghazipur,Mirzapur,113,142
Ghazipur,Ghazipur,0,0
Ghazipur,Jaipur,791,915
Ghazipur,Durgapur,442,514
Ghazipur,Chitrakoot,276,328
Ghazipur,Aligarh,603,692
Ghazipur,Rohtas,72,94
Ghazipur,Palamu,200,296
Ghazipur,Araria,393,470
Ghazipur,Dholpur,581,707
Ghazipur,Calicut,1785,2230
Ghazipur,Jehanabad,147,208
Ghazipur,Bhagalpur,343,405
Ghazipur,Sri Ganganagar,1068,1297
Ghazipur,Balaghat,542,758
Hanamkonda,Lucknow,989,1250
Hanamkonda,Rajsamand,977,1366
Hanamkonda,Raebareli,927,1150
Hanamkonda,Patna,1018,1333
Hanamkonda,Gaya,939,1290
Hanamkonda,Kota,884,1134
Hanamkonda,Sikar,1155,1498
Hanamkonda,Prayagraj,855,1077
Hanamkonda,Bhopal,623,794
Hanamkonda,Una,1527,1864
Hanamkonda,Bundi,916,1168
Hanamkonda,Sarangarh,541,802
Hanamkonda,Lakhimpur,1107,1383
Hanamkonda,Madhepura,1145,1516
Hanamkonda,Arrah,988,1320
Hanamkonda,Daudnagar,925,1233
Hanamkonda,Belagavi,589,738
Hanamkonda,Hanamkonda,0,0
Hanamkonda,Sitamarhi,1130,1463
Hanamkonda,Morena,953,1179
Hanamkonda,Agra,1027,1260
Hanamkonda,Sitapur,1065,1341
Hanamkonda,Delhi,1210,1476
Hanamkonda,Faridabad,1174,1433
Hanamkonda,Jodhpur,1133,1517
Hanamkonda,Mahoba,807,1021
Hanamkonda,Pakur,1130,1579
Hanamkonda,Sagar,651,832
Hanamkonda,Baghpat,1234,1525
Hanamkonda,Nawada,982,1349
Hanamkonda,Bikaner,1280,1607
Hanamkonda,Mirzapur,848,1109
Hanamkonda,Ghazipur,936,1251
Hanamkonda,Jaipur,1059,1386
Hanamkonda,Durgapur,1011,1391
Hanamkonda,Chitrakoot,805,999
Hanamkonda,Aligarh,1105,1348
Hanamkonda,Rohtas,907,1262
Hanamkonda,Palamu,800,1107
Hanamkonda,Araria,1213,1644
Hanamkonda,Dholpur,977,1203
Hanamkonda,Calicut,850,1062
Hanamkonda,Jehanabad,975,1300
Hanamkonda,Bhagalpur,1108,1541
Hanamkonda,Sri Ganganagar,1438,1843
Hanamkonda,Balaghat,426,538
Jaipur,Lucknow,512,569
Jaipur,Rajsamand,279,335
Jaipur,Raebareli,549,639
Jaipur,Patna,945,1077
Jaipur,Gaya,952,1110
Jaipur,Kota,188,256
Jaipur,Sikar,100,116
Jaipur,Prayagraj,627,710
Jaipur,Bhopal,436,592
Jaipur,Una,507,606
Jaipur,Bundi,164,218
Jaipur,Sarangarh,946,1211
Jaipur,Lakhimpur,506,587
Jaipur,Madhepura,1058,1208
Jaipur,Arrah,899,1025
Jaipur,Daudnagar,886,1039
Jaipur,Belagavi,1232,1463
Jaipur,Hanamkonda,1059,1399
Jaipur,Sitamarhi,966,1125
Jaipur,Morena,224,290
Jaipur,Agra,222,238
Jaipur,Sitapur,489,564
Jaipur,Delhi,237,288
Jaipur,Faridabad,224,271
Jaipur,Jodhpur,285,330
Jaipur,Mahoba,447,609
Jaipur,Pakur,1235,1457
Jaipur,Sagar,451,615
Jaipur,Baghpat,265,317
Jaipur,Nawada,1002,1169
Jaipur,Bikaner,273,335
Jaipur,Mirzapur,706,806
Jaipur,Ghazipur,791,916
Jaipur,Jaipur,0,0
Jaipur,Durgapur,1220,1342
Jaipur,Chitrakoot,543,664
Jaipur,Aligarh,252,288
Jaipur,Rohtas,848,966
Jaipur,Palamu,902,1125
Jaipur,Araria,1165,1336
Jaipur,Dholpur,210,263
Jaipur,Calicut,1732,2148
Jaipur,Jehanabad,939,1111
Jaipur,Bhagalpur,1134,1308
Jaipur,Sri Ganganagar,381,461
Jaipur,Balaghat,719,974
Jehanabad,Lucknow,442,538
Jehanabad,Rajsamand,1119,1331
Jehanabad,Raebareli,391,507
Jehanabad,Patna,44,52
Jehanabad,Gaya,46,49
Jehanabad,Kota,918,1091
Jehanabad,Sikar,1017,1224
Jehanabad,Prayagraj,316,357
Jehanabad,Bhopal,798,989
Jehanabad,Una,1099,1393
Jehanabad,Bundi,940,1123
Jehanabad,Sarangarh,446,615
Jehanabad,Lakhimpur,516,681
Jehanabad,Madhepura,175,234
Jehanabad,Arrah,49,80
Jehanabad,Daudnagar,62,72
Jehanabad,Belagavi,1505,1870
Jehanabad,Hanamkonda,975,1302
Jehanabad,Sitamarhi,160,180
Jehanabad,Morena,714,844
Jehanabad,Agra,730,872
Jehanabad,Sitapur,502,629
Jehanabad,Delhi,872,1050
Jehanabad,Faridabad,840,1047
Jehanabad,Jodhpur,1205,1440
Jehanabad,Mahoba,513,606
Jehanabad,Pakur,296,375
Jehanabad,Sagar,651,821
Jehanabad,Baghpat,873,1053
Jehanabad,Nawada,66,90
Jehanabad,Bikaner,1202,1442
Jehanabad,Mirzapur,244,291
Jehanabad,Ghazipur,147,208
Jehanabad,Jaipur,939,1110
Jehanabad,Durgapur,301,362
Jehanabad,Chitrakoot,415,494
Jehanabad,Aligarh,748,887
Jehanabad,Rohtas,98,118
Jehanabad,Palamu,176,228
Jehanabad,Araria,267,362
Jehanabad,Dholpur,729,902
Jehanabad,Calicut,1824,2377
Jehanabad,Jehanabad,0,0
Jehanabad,Bhagalpur,200,225
Jehanabad,Sri Ganganagar,1213,1492
Jehanabad,Balaghat,618,882
Jodhpur,Lucknow,792,899
Jodhpur,Rajsamand,155,190
Jodhpur,Raebareli,822,970
Jodhpur,Patna,1215,1407
Jodhpur,Gaya,1214,1440
Jodhpur,Kota,306,374
Jodhpur,Sikar,259,315
Jodhpur,Prayagraj,888,1040
Jodhpur,Bhopal,553,711
Jodhpur,Una,660,842
Jodhpur,Bundi,277,337
Jodhpur,Sarangarh,1145,1417
Jodhpur,Lakhimpur,791,918
Jodhpur,Madhepura,1334,1539
Jodhpur,Arrah,1168,1355
Jodhpur,Daudnagar,1149,1369
Jodhpur,Belagavi,1160,1458
Jodhpur,Hanamkonda,1133,1517
Jodhpur,Sitamarhi,1244,1456
Jodhpur,Morena,496,633
Jodhpur,Agra,506,568
Jodhpur,Sitapur,774,895
Jodhpur,Delhi,486,560
Jodhpur,Faridabad,488,602
Jodhpur,Jodhpur,0,0
Jodhpur,Mahoba,696,853
Jodhpur,Pakur,1501,1787
Jodhpur,Sagar,634,817
Jodhpur,Baghpat,511,593
Jodhpur,Nawada,1266,1500
Jodhpur,Bikaner,199,253
Jodhpur,Mirzapur,965,1136
Jodhpur,Ghazipur,1059,1246
Jodhpur,Jaipur,285,330
Jodhpur,Durgapur,1473,1672
Jodhpur,Chitrakoot,795,974
Jodhpur,Aligarh,534,618
Jodhpur,Rohtas,1110,1296
Jodhpur,Palamu,1148,1455
Jodhpur,Araria,1441,1667
Jodhpur,Dholpur,487,605
Jodhpur,Calicut,1683,2169
Jodhpur,Jehanabad,1205,1441
Jodhpur,Bhagalpur,1403,1638
Jodhpur,Sri Ganganagar,415,502
Jodhpur,Balaghat,877,1138
Kota,Lucknow,540,634
Kota,Rajsamand,200,251
Kota,Raebareli,552,662
Kota,Patna,933,1129
Kota,Gaya,923,1087
Kota,Kota,0,0
Kota,Sikar,275,368
Kota,Prayagraj,602,720
Kota,Bhopal,267,341
Kota,Una,694,861
Kota,Bundi,32,38
Kota,Sarangarh,839,1048
Kota,Lakhimpur,575,767
Kota,Madhepura,1060,1260
Kota,Arrah,886,1077
Kota,Daudnagar,860,1016
Kota,Belagavi,1046,1211
Kota,Hanamkonda,884,1148
Kota,Sitamarhi,977,1177
Kota,Morena,256,331
Kota,Agra,305,444
Kota,Sitapur,546,720
Kota,Delhi,405,512
Kota,Faridabad,382,477
Kota,Jodhpur,306,388
Kota,Mahoba,405,484
Kota,Pakur,1211,1463
Kota,Sagar,328,448
Kota,Baghpat,434,578
Kota,Nawada,977,1146
Kota,Bikaner,401,477
Kota,Mirzapur,675,792
Kota,Ghazipur,777,922
Kota,Jaipur,188,256
Kota,Durgapur,1176,1353
Kota,Chitrakoot,504,605
Kota,Aligarh,370,494
Kota,Rohtas,822,977
Kota,Palamu,848,1051
Kota,Araria,1167,1389
Kota,Dholpur,261,335
Kota,Calicut,1544,1897
Kota,Jehanabad,918,1088
Kota,Bhagalpur,1119,1360
Kota,Sri Ganganagar,555,714
Kota,Balaghat,579,768
Lakhimpur,Lucknow,122,131
Lakhimpur,Rajsamand,757,919
Lakhimpur,Raebareli,195,208
Lakhimpur,Patna,505,627
Lakhimpur,Gaya,547,660
Lakhimpur,Kota,575,723
Lakhimpur,Sikar,556,668
Lakhimpur,Prayagraj,297,331
Lakhimpur,Bhopal,619,745
Lakhimpur,Una,585,737
Lakhimpur,Bundi,581,752
Lakhimpur,Sarangarh,741,958
Lakhimpur,Lakhimpur,0,0
Lakhimpur,Madhepura,589,702
Lakhimpur,Arrah,468,575
Lakhimpur,Daudnagar,484,589
Lakhimpur,Belagavi,1487,1824
Lakhimpur,Hanamkonda,1107,1397
Lakhimpur,Sitamarhi,491,621
Lakhimpur,Morena,319,389
Lakhimpur,Agra,286,365
Lakhimpur,Sitapur,43,46
Lakhimpur,Delhi,370,451
Lakhimpur,Faridabad,343,451
Lakhimpur,Jodhpur,791,914
Lakhimpur,Mahoba,306,362
Lakhimpur,Pakur,795,1007
Lakhimpur,Sagar,498,577
Lakhimpur,Baghpat,364,430
Lakhimpur,Nawada,583,719
Lakhimpur,Bikaner,734,886
Lakhimpur,Mirzapur,358,416
Lakhimpur,Ghazipur,381,466
Lakhimpur,Jaipur,506,584
Lakhimpur,Durgapur,818,931
Lakhimpur,Chitrakoot,306,357
Lakhimpur,Aligarh,264,328
Lakhimpur,Rohtas,453,559
Lakhimpur,Palamu,563,713
Lakhimpur,Araria,691,830
Lakhimpur,Dholpur,317,404
Lakhimpur,Calicut,1919,2372
Lakhimpur,Jehanabad,516,661
Lakhimpur,Bhagalpur,686,858
Lakhimpur,Sri Ganganagar,706,866
Lakhimpur,Balaghat,682,902
Lucknow,Lucknow,0,0
Lucknow,Rajsamand,734,881
Lucknow,Raebareli,74,78
Lucknow,Patna,440,504
Lucknow,Gaya,465,537
Lucknow,Kota,540,642
Lucknow,Sikar,581,683
Lucknow,Prayagraj,180,201
Lucknow,Bhopal,534,612
Lucknow,Una,684,818
Lucknow,Bundi,552,674
Lucknow,Sarangarh,621,828
Lucknow,Lakhimpur,122,130
Lucknow,Madhepura,546,636
Lucknow,Arrah,398,452
Lucknow,Daudnagar,399,466
Lucknow,Belagavi,1389,1691
Lucknow,Hanamkonda,989,1264
Lucknow,Sitamarhi,453,553
Lucknow,Morena,296,348
Lucknow,Agra,294,331
Lucknow,Sitapur,83,88
Lucknow,Delhi,431,510
Lucknow,Faridabad,397,507
Lucknow,Jodhpur,792,900
Lucknow,Mahoba,202,229
Lucknow,Pakur,734,884
Lucknow,Sagar,401,444
Lucknow,Baghpat,433,512
Lucknow,Nawada,509,597
Lucknow,Bikaner,766,901
Lucknow,Mirzapur,249,286
Lucknow,Ghazipur,297,343
Lucknow,Jaipur,512,569
Lucknow,Durgapur,739,844
Lucknow,Chitrakoot,185,227
Lucknow,Aligarh,305,346
Lucknow,Rohtas,365,436
Lucknow,Palamu,460,626
Lucknow,Araria,653,764
Lucknow,Dholpur,304,361
Lucknow,Calicut,1808,2240
Lucknow,Jehanabad,442,538
Lucknow,Bhagalpur,628,735
Lucknow,Sri Ganganagar,771,951
Lucknow,Balaghat,563,731
Madhepura,Lucknow,546,635
Madhepura,Rajsamand,1260,1507
Madhepura,Raebareli,512,603
Madhepura,Patna,140,185
Madhepura,Gaya,206,286
Madhepura,Kota,1060,1268
Madhepura,Sikar,1127,1320
Madhepura,Prayagraj,461,545
Madhepura,Bhopal,962,1166
Madhepura,Una,1147,1489
Madhepura,Bundi,1079,1300
Madhepura,Sarangarh,609,837
Madhepura,Lakhimpur,589,702
Madhepura,Madhepura,0,0
Madhepura,Arrah,185,227
Madhepura,Daudnagar,235,289
Madhepura,Belagavi,1681,2048
Madhepura,Hanamkonda,1145,1519
Madhepura,Sitamarhi,98,118
Madhepura,Morena,837,985
Madhepura,Agra,840,968
Madhepura,Sitapur,587,725
Madhepura,Delhi,958,1147
Madhepura,Faridabad,930,1144
Madhepura,Jodhpur,1334,1537
Madhepura,Mahoba,658,783
Madhepura,Pakur,225,336
Madhepura,Sagar,813,998
Madhepura,Baghpat,954,1150
Madhepura,Nawada,165,216
Madhepura,Bikaner,1311,1538
Madhepura,Mirzapur,400,469
Madhepura,Ghazipur,288,342
Madhepura,Jaipur,1058,1206
Madhepura,Durgapur,308,431
Madhepura,Chitrakoot,564,671
Madhepura,Aligarh,844,983
Madhepura,Rohtas,267,321
Madhepura,Palamu,346,445
Madhepura,Araria,107,131
Madhepura,Dholpur,848,998
Madhepura,Calicut,1991,2555
Madhepura,Jehanabad,175,236
Madhepura,Bhagalpur,119,186
Madhepura,Sri Ganganagar,1295,1588
Madhepura,Balaghat,794,1082
Mahoba,Lucknow,202,229
Mahoba,Rajsamand,605,725
Mahoba,Raebareli,171,196
Mahoba,Patna,529,607
Mahoba,Gaya,519,603
Mahoba,Kota,405,485
Mahoba,Sikar,538,721
Mahoba,Prayagraj,197,236
Mahoba,Bhopal,337,383
Mahoba,Una,770,950
Mahoba,Bundi,426,517
Mahoba,Sarangarh,524,749
Mahoba,Lakhimpur,306,362
Mahoba,Madhepura,658,781
Mahoba,Arrah,481,555
Mahoba,Daudnagar,455,532
Mahoba,Belagavi,1186,1461
Mahoba,Hanamkonda,807,1034
Mahoba,Sitamarhi,580,702
Mahoba,Morena,231,302
Mahoba,Agra,280,369
Mahoba,Sitapur,264,321
Mahoba,Delhi,467,585
Mahoba,Faridabad,429,544
Mahoba,Jodhpur,696,867
Mahoba,Mahoba,0,0
Mahoba,Pakur,807,980
Mahoba,Sagar,198,215
Mahoba,Baghpat,482,611
Mahoba,Nawada,572,663
Mahoba,Bikaner,720,939
Mahoba,Mirzapur,270,308
Mahoba,Ghazipur,372,439
Mahoba,Jaipur,447,607
Mahoba,Durgapur,778,870
Mahoba,Chitrakoot,99,121
Mahoba,Aligarh,339,432
Mahoba,Rohtas,417,494
Mahoba,Palamu,456,652
Mahoba,Araria,764,909
Mahoba,Dholpur,253,326
Mahoba,Calicut,1612,2010
Mahoba,Jehanabad,513,604
Mahoba,Bhagalpur,714,838
Mahoba,Sri Ganganagar,782,989
Mahoba,Balaghat,386,540
Mirzapur,Lucknow,249,286
Mirzapur,Rajsamand,875,1033
Mirzapur,Raebareli,179,208
Mirzapur,Patna,263,294
Mirzapur,Gaya,248,290
Mirzapur,Kota,675,793
Mirzapur,Sikar,789,918
Mirzapur,Prayagraj,79,89
Mirzapur,Bhopal,562,683
Mirzapur,Una,934,1113
Mirzapur,Bundi,697,825
Mirzapur,Sarangarh,396,563
Mirzapur,Lakhimpur,358,415
Mirzapur,Madhepura,400,466
Mirzapur,Arrah,216,242
Mirzapur,Daudnagar,185,219
Mirzapur,Belagavi,1327,1580
Mirzapur,Hanamkonda,848,1111
Mirzapur,Sitamarhi,335,413
Mirzapur,Morena,482,573
Mirzapur,Agra,508,566
Mirzapur,Sitapur,328,374
Mirzapur,Delhi,671,782
Mirzapur,Faridabad,635,741
Mirzapur,Jodhpur,965,1134
Mirzapur,Mahoba,270,308
Mirzapur,Pakur,536,667
Mirzapur,Sagar,413,515
Mirzapur,Baghpat,676,773
Mirzapur,Nawada,301,350
Mirzapur,Bikaner,975,1136
Mirzapur,Mirzapur,0,0
Mirzapur,Ghazipur,113,141
Mirzapur,Jaipur,706,804
Mirzapur,Durgapur,513,557
Mirzapur,Chitrakoot,171,196
Mirzapur,Aligarh,541,607
Mirzapur,Rohtas,146,181
Mirzapur,Palamu,211,339
Mirzapur,Araria,503,594
Mirzapur,Dholpur,499,584
Mirzapur,Calicut,1694,2087
Mirzapur,Jehanabad,244,291
Mirzapur,Bhagalpur,444,525
Mirzapur,Sri Ganganagar,1007,1186
Mirzapur,Balaghat,440,615
Morena,Lucknow,296,354
Morena,Rajsamand,441,560
Morena,Raebareli,326,398
Morena,Patna,721,862
Morena,Gaya,728,895
Morena,Kota,256,338
Morena,Sikar,308,426
Morena,Prayagraj,403,479
Morena,Bhopal,363,457
Morena,Una,576,689
Morena,Bundi,262,346
Morena,Sarangarh,750,923
Morena,Lakhimpur,319,392
Morena,Madhepura,837,994
Morena,Arrah,675,810
Morena,Daudnagar,662,824
Morena,Belagavi,1233,1482
Morena,Hanamkonda,953,1177
Morena,Sitamarhi,748,910
Morena,Morena,0,0
Morena,Agra,75,84
Morena,Sitapur,291,345
Morena,Delhi,260,300
Morena,Faridabad,222,257
Morena,Jodhpur,496,633
Morena,Mahoba,231,303
Morena,Pakur,1011,1242
Morena,Sagar,303,342
Morena,Baghpat,281,349
Morena,Nawada,778,954
Morena,Bikaner,493,645
Morena,Mirzapur,482,574
Morena,Ghazipur,567,701
Morena,Jaipur,224,291
Morena,Durgapur,996,1111
Morena,Chitrakoot,322,424
Morena,Aligarh,155,173
Morena,Rohtas,624,735
Morena,Palamu,682,894
Morena,Araria,945,1122
Morena,Dholpur,24,27
Morena,Calicut,1702,2153
Morena,Jehanabad,714,896
Morena,Bhagalpur,910,1093
Morena,Sri Ganganagar,553,699
Morena,Balaghat,564,713
Nawada,Lucknow,509,597
Nawada,Rajsamand,1177,1389
Nawada,Raebareli,456,565
Nawada,Patna,88,105
Nawada,Gaya,55,59
Nawada,Kota,977,1150
Nawada,Sikar,1081,1282
Nawada,Prayagraj,377,416
Nawada,Bhopal,846,1047
Nawada,Una,1165,1451
Nawada,Bundi,999,1182
Nawada,Sarangarh,444,625
Nawada,Lakhimpur,583,739
Nawada,Madhepura,165,216
Nawada,Arrah,115,155
Nawada,Daudnagar,116,130
Nawada,Belagavi,1525,1928
Nawada,Hanamkonda,982,1383
Nawada,Sitamarhi,188,224
Nawada,Morena,778,903
Nawada,Agra,795,930
Nawada,Sitapur,569,687
Nawada,Delhi,939,1109
Nawada,Faridabad,906,1106
Nawada,Jodhpur,1266,1499
Nawada,Mahoba,572,665
Nawada,Pakur,234,304
Nawada,Sagar,700,879
Nawada,Baghpat,939,1112
Nawada,Nawada,0,0
Nawada,Bikaner,1267,1501
Nawada,Mirzapur,301,350
Nawada,Ghazipur,212,267
Nawada,Jaipur,1002,1168
Nawada,Durgapur,234,307
Nawada,Chitrakoot,473,552
Nawada,Aligarh,815,945
Nawada,Rohtas,155,177
Nawada,Palamu,186,275
Nawada,Araria,236,320
Nawada,Dholpur,793,960
Nawada,Calicut,1826,2370
Nawada,Jehanabad,66,90
Nawada,Bhagalpur,149,181
Nawada,Sri Ganganagar,1279,1551
Nawada,Balaghat,645,930
Pakur,Lucknow,734,884
Pakur,Rajsamand,1411,1706
Pakur,Raebareli,686,853
Pakur,Patna,293,382
Pakur,Gaya,288,364
Pakur,Kota,1211,1467
Pakur,Sikar,1312,1569
Pakur,Prayagraj,612,733
Pakur,Bhopal,1073,1364
Pakur,Una,1365,1739
Pakur,Bundi,1234,1499
Pakur,Sarangarh,593,813
Pakur,Lakhimpur,795,1027
Pakur,Madhepura,225,336
Pakur,Arrah,336,432
Pakur,Daudnagar,351,447
Pakur,Belagavi,1698,2141
Pakur,Hanamkonda,1130,1521
Pakur,Sitamarhi,320,450
Pakur,Morena,1011,1234
Pakur,Agra,1025,1218
Pakur,Sitapur,787,975
Pakur,Delhi,1160,1396
Pakur,Faridabad,1129,1393
Pakur,Jodhpur,1501,1786
Pakur,Mahoba,807,982
Pakur,Pakur,0,0
Pakur,Sagar,929,1197
Pakur,Baghpat,1158,1399
Pakur,Nawada,234,304
Pakur,Bikaner,1498,1788
Pakur,Mirzapur,536,667
Pakur,Ghazipur,443,554
Pakur,Jaipur,1235,1456
Pakur,Durgapur,134,168
Pakur,Chitrakoot,708,869
Pakur,Aligarh,1039,1233
Pakur,Rohtas,390,494
Pakur,Palamu,390,551
Pakur,Araria,170,236
Pakur,Dholpur,1025,1248
Pakur,Calicut,1953,2404
Pakur,Jehanabad,296,375
Pakur,Bhagalpur,110,151
Pakur,Sri Ganganagar,1500,1838
Pakur,Balaghat,844,1165
Palamu,Lucknow,460,626
Palamu,Rajsamand,1044,1292
Palamu,Raebareli,390,527
Palamu,Patna,220,260
Palamu,Gaya,139,216
Palamu,Kota,848,1053
Palamu,Sikar,991,1237
Palamu,Prayagraj,288,405
Palamu,Bhopal,685,890
Palamu,Una,1144,1432
Palamu,Bundi,873,1085
Palamu,Sarangarh,270,427
Palamu,Lakhimpur,563,714
Palamu,Madhepura,346,443
Palamu,Arrah,198,247
Palamu,Daudnagar,135,160
Palamu,Belagavi,1338,1711
Palamu,Hanamkonda,800,1109
Palamu,Sitamarhi,335,390
Palamu,Morena,682,892
Palamu,Agra,715,885
Palamu,Sitapur,537,717
Palamu,Delhi,882,1101
Palamu,Faridabad,846,1060
Palamu,Jodhpur,1148,1453
Palamu,Mahoba,456,654
Palamu,Pakur,390,551
Palamu,Sagar,546,719
Palamu,Baghpat,888,1093
Palamu,Nawada,186,275
Palamu,Bikaner,1175,1455
Palamu,Mirzapur,211,339
Palamu,Ghazipur,200,296
Palamu,Jaipur,902,1123
Palamu,Durgapur,329,428
Palamu,Chitrakoot,359,542
Palamu,Aligarh,751,926
Palamu,Rohtas,136,189
Palamu,Palamu,0,0
Palamu,Araria,422,571
Palamu,Dholpur,700,903
Palamu,Calicut,1647,2174
Palamu,Jehanabad,176,228
Palamu,Bhagalpur,329,454
Palamu,Sri Ganganagar,1217,1505
Palamu,Balaghat,460,689
Patna,Lucknow,440,505
Patna,Rajsamand,1134,1377
Patna,Raebareli,395,473
Patna,Patna,0,0
Patna,Gaya,89,102
Patna,Kota,933,1138
Patna,Sikar,1020,1190
Patna,Prayagraj,331,360
Patna,Bhopal,824,992
Patna,Una,1084,1359
Patna,Bundi,953,1170
Patna,Sarangarh,491,653
Patna,Lakhimpur,505,647
Patna,Madhepura,140,185
Patna,Arrah,47,52
Patna,Daudnagar,96,105
Patna,Belagavi,1545,1873
Patna,Hanamkonda,1018,1335
Patna,Sitamarhi,116,131
Patna,Morena,721,855
Patna,Agra,732,838
Patna,Sitapur,495,595
Patna,Delhi,867,1017
Patna,Faridabad,836,1014
Patna,Jodhpur,1215,1407
Patna,Mahoba,529,609
Patna,Pakur,293,382
Patna,Sagar,675,824
Patna,Baghpat,866,1019
Patna,Nawada,88,105
Patna,Bikaner,1205,1408
Patna,Mirzapur,263,294
Patna,Ghazipur,156,174
Patna,Jaipur,945,1076
Patna,Durgapur,318,414
Patna,Chitrakoot,432,497
Patna,Aligarh,746,853
Patna,Rohtas,126,146
Patna,Palamu,220,260
Patna,Araria,239,313
Patna,Dholpur,734,868
Patna,Calicut,1867,2380
Patna,Jehanabad,44,52
Patna,Bhagalpur,188,233
Patna,Sri Ganganagar,1207,1458
Patna,Balaghat,656,907
Prayagraj,Lucknow,180,201
Prayagraj,Rajsamand,803,961
Prayagraj,Raebareli,106,123
Prayagraj,Patna,331,360
Prayagraj,Gaya,325,356
Prayagraj,Kota,602,722
Prayagraj,Sikar,710,822
Prayagraj,Prayagraj,0,0
Prayagraj,Bhopal,510,619
Prayagraj,Una,862,1017
Prayagraj,Bundi,623,754
Prayagraj,Sarangarh,444,626
Prayagraj,Lakhimpur,297,330
Prayagraj,Madhepura,461,543
Prayagraj,Arrah,283,308
Prayagraj,Daudnagar,261,285
Prayagraj,Belagavi,1307,1547
Prayagraj,Hanamkonda,855,1079
Prayagraj,Sitamarhi,387,466
Prayagraj,Morena,403,478
Prayagraj,Agra,429,470
Prayagraj,Sitapur,263,289
Prayagraj,Delhi,593,686
Prayagraj,Faridabad,557,645
Prayagraj,Jodhpur,888,1039
Prayagraj,Mahoba,197,236
Prayagraj,Pakur,612,733
Prayagraj,Sagar,361,451
Prayagraj,Baghpat,600,678
Prayagraj,Nawada,377,416
Prayagraj,Bikaner,895,1040
Prayagraj,Mirzapur,79,89
Prayagraj,Ghazipur,174,200
Prayagraj,Jaipur,627,708
Prayagraj,Durgapur,593,623
Prayagraj,Chitrakoot,102,124
Prayagraj,Aligarh,462,511
Prayagraj,Rohtas,222,247
Prayagraj,Palamu,288,405
Prayagraj,Araria,567,671
Prayagraj,Dholpur,419,488
Prayagraj,Calicut,1694,2055
Prayagraj,Jehanabad,316,357
Prayagraj,Bhagalpur,516,591
Prayagraj,Sri Ganganagar,928,1090
Prayagraj,Balaghat,435,582
Raebareli,Lucknow,74,78
Raebareli,Rajsamand,751,909
Raebareli,Raebareli,0,0
Raebareli,Patna,395,470
Raebareli,Gaya,409,503
Raebareli,Kota,552,670
Raebareli,Sikar,626,741
Raebareli,Prayagraj,106,123
Raebareli,Bhopal,509,579
Raebareli,Una,756,922
Raebareli,Bundi,568,702
Raebareli,Sarangarh,546,750
Raebareli,Lakhimpur,195,207
Raebareli,Madhepura,512,601
Raebareli,Arrah,350,418
Raebareli,Daudnagar,342,432
Raebareli,Belagavi,1346,1620
Raebareli,Hanamkonda,927,1152
Raebareli,Sitamarhi,425,518
Raebareli,Morena,326,396
Raebareli,Agra,339,389
Raebareli,Sitapur,158,166
Raebareli,Delhi,493,579
Raebareli,Faridabad,458,564
Raebareli,Jodhpur,822,957
Raebareli,Mahoba,171,196
Raebareli,Pakur,686,850
Raebareli,Sagar,366,411
Raebareli,Baghpat,498,582
Raebareli,Nawada,456,562
Raebareli,Bikaner,811,959
Raebareli,Mirzapur,179,208
Raebareli,Ghazipur,243,278
Raebareli,Jaipur,549,627
Raebareli,Durgapur,681,744
Raebareli,Chitrakoot,122,151
Raebareli,Aligarh,364,416
Raebareli,Rohtas,305,368
Raebareli,Palamu,390,527
Raebareli,Araria,619,729
Raebareli,Dholpur,339,407
Raebareli,Calicut,1754,2128
Raebareli,Jehanabad,391,504
Raebareli,Bhagalpur,584,701
Raebareli,Sri Ganganagar,831,1009
Raebareli,Balaghat,501,655
Rajsamand,Lucknow,734,881
Rajsamand,Rajsamand,0,0
Rajsamand,Raebareli,751,909
Rajsamand,Patna,1134,1376
Rajsamand,Gaya,1122,1334
Rajsamand,Kota,200,249
Rajsamand,Sikar,308,375
Rajsamand,Prayagraj,803,967
Rajsamand,Bhopal,410,573
Rajsamand,Una,747,941
Rajsamand,Bundi,182,231
Rajsamand,Sarangarh,1015,1279
Rajsamand,Lakhimpur,757,923
Rajsamand,Madhepura,1260,1507
Rajsamand,Arrah,1086,1324
Rajsamand,Daudnagar,1060,1262
Rajsamand,Belagavi,1022,1273
Rajsamand,Hanamkonda,977,1293
Rajsamand,Sitamarhi,1176,1424
Rajsamand,Morena,441,559
Rajsamand,Agra,474,573
Rajsamand,Sitapur,732,899
Rajsamand,Delhi,514,623
Rajsamand,Faridabad,503,607
Rajsamand,Jodhpur,155,185
Rajsamand,Mahoba,605,730
Rajsamand,Pakur,1411,1710
Rajsamand,Sagar,510,679
Rajsamand,Baghpat,542,653
Rajsamand,Nawada,1177,1393
Rajsamand,Bikaner,332,424
Rajsamand,Mirzapur,875,1038
Rajsamand,Ghazipur,977,1169
Rajsamand,Jaipur,279,335
Rajsamand,Durgapur,1373,1600
Rajsamand,Chitrakoot,704,852
Rajsamand,Aligarh,523,623
Rajsamand,Rohtas,1022,1224
Rajsamand,Palamu,1044,1298
Rajsamand,Araria,1367,1635
Rajsamand,Dholpur,440,532
Rajsamand,Calicut,1541,1984
Rajsamand,Jehanabad,1119,1335
Rajsamand,Bhagalpur,1319,1607
Rajsamand,Sri Ganganagar,536,673
Rajsamand,Balaghat,737,1000
Rohtas,Lucknow,365,436
Rohtas,Rajsamand,1022,1220
Rohtas,Raebareli,305,368
Rohtas,Patna,126,146
Rohtas,Gaya,103,117
Rohtas,Kota,822,981
Rohtas,Sikar,929,1078
Rohtas,Prayagraj,222,247
Rohtas,Bhopal,700,878
Rohtas,Una,1038,1274
Rohtas,Bundi,843,1013
Rohtas,Sarangarh,397,582
Rohtas,Lakhimpur,453,578
Rohtas,Madhepura,267,317
Rohtas,Arrah,84,94
Rohtas,Daudnagar,38,46
Rohtas,Belagavi,1422,1759
Rohtas,Hanamkonda,907,1264
Rohtas,Sitamarhi,224,264
Rohtas,Morena,624,734
Rohtas,Agra,644,726
Rohtas,Sitapur,433,526
Rohtas,Delhi,796,942
Rohtas,Faridabad,762,902
Rohtas,Jodhpur,1110,1295
Rohtas,Mahoba,417,496
Rohtas,Pakur,390,494
Rohtas,Sagar,552,710
Rohtas,Baghpat,798,934
Rohtas,Nawada,155,177
Rohtas,Bikaner,1115,1296
Rohtas,Mirzapur,146,181
Rohtas,Ghazipur,72,94
Rohtas,Jaipur,848,964
Rohtas,Durgapur,375,407
Rohtas,Chitrakoot,318,383
Rohtas,Aligarh,668,768
Rohtas,Rohtas,0,0
Rohtas,Palamu,136,189
Rohtas,Araria,364,446
Rohtas,Dholpur,639,745
Rohtas,Calicut,1758,2266
Rohtas,Jehanabad,98,118
Rohtas,Bhagalpur,298,344
Rohtas,Sri Ganganagar,1135,1346
Rohtas,Balaghat,532,794
Sagar,Lucknow,401,444
Sagar,Rajsamand,510,679
Sagar,Raebareli,366,411
Sagar,Patna,675,822
Sagar,Gaya,644,818
Sagar,Kota,328,448
Sagar,Sikar,552,748
Sagar,Prayagraj,361,451
Sagar,Bhopal,149,169
Sagar,Una,879,1028
Sagar,Bundi,359,481
Sagar,Sarangarh,510,597
Sagar,Lakhimpur,498,577
Sagar,Madhepura,813,996
Sagar,Arrah,629,770
Sagar,Daudnagar,589,747
Sagar,Belagavi,989,1253
Sagar,Hanamkonda,651,831
Sagar,Sitamarhi,746,917
Sagar,Morena,303,342
Sagar,Agra,376,423
Sagar,Sitapur,456,535
Sagar,Delhi,563,640
Sagar,Faridabad,525,596
Sagar,Jodhpur,634,831
Sagar,Mahoba,198,215
Sagar,Pakur,929,1194
Sagar,Sagar,0,0
Sagar,Baghpat,585,688
Sagar,Nawada,700,877
Sagar,Bikaner,714,920
Sagar,Mirzapur,413,515
Sagar,Ghazipur,526,653
Sagar,Jaipur,451,614
Sagar,Durgapur,875,1084
Sagar,Chitrakoot,261,336
Sagar,Aligarh,454,512
Sagar,Rohtas,552,708
Sagar,Palamu,546,719
Sagar,Araria,915,1124
Sagar,Dholpur,327,366
Sagar,Calicut,1427,1806
Sagar,Jehanabad,651,819
Sagar,Bhagalpur,848,1053
Sagar,Sri Ganganagar,827,1038
Sagar,Balaghat,269,354
Sarangarh,Lucknow,621,828
Sarangarh,Rajsamand,1015,1279
Sarangarh,Raebareli,546,750
Sarangarh,Patna,491,653
Sarangarh,Gaya,405,566
Sarangarh,Kota,839,1048
Sarangarh,Sikar,1044,1335
Sarangarh,Prayagraj,444,626
Sarangarh,Bhopal,611,748
Sarangarh,Una,1287,1609
Sarangarh,Bundi,869,1081
Sarangarh,Sarangarh,0,0
Sarangarh,Lakhimpur,741,957
Sarangarh,Madhepura,609,836
Sarangarh,Arrah,468,639
Sarangarh,Daudnagar,404,552
Sarangarh,Belagavi,1104,1385
Sarangarh,Hanamkonda,541,801
Sarangarh,Sitamarhi,606,783
Sarangarh,Morena,750,923
Sarangarh,Agra,804,1004
Sarangarh,Sitapur,705,916
Sarangarh,Delhi,991,1220
Sarangarh,Faridabad,953,1177
Sarangarh,Jodhpur,1145,1431
Sarangarh,Mahoba,524,749
Sarangarh,Pakur,593,809
Sarangarh,Sagar,510,597
Sarangarh,Baghpat,1005,1269
Sarangarh,Nawada,444,625
Sarangarh,Bikaner,1217,1554
Sarangarh,Mirzapur,396,563
Sarangarh,Ghazipur,446,689
Sarangarh,Jaipur,946,1201
Sarangarh,Durgapur,485,672
Sarangarh,Chitrakoot,457,686
Sarangarh,Aligarh,862,1093
Sarangarh,Rohtas,397,582
Sarangarh,Palamu,270,427
Sarangarh,Araria,672,962
Sarangarh,Dholpur,773,947
Sarangarh,Calicut,1382,1866
Sarangarh,Jehanabad,446,615
Sarangarh,Bhagalpur,567,780
Sarangarh,Sri Ganganagar,1303,1619
Sarangarh,Balaghat,300,442
Sikar,Lucknow,581,680
Sikar,Rajsamand,308,375
Sikar,Raebareli,626,751
Sikar,Patna,1020,1189
Sikar,Gaya,1033,1221
Sikar,Kota,275,366
Sikar,Sikar,0,0
Sikar,Prayagraj,710,822
Sikar,Bhopal,533,702
Sikar,Una,441,575
Sikar,Bundi,246,329
Sikar,Sarangarh,1044,1322
Sikar,Lakhimpur,556,664
Sikar,Madhepura,1127,1320
Sikar,Arrah,975,1136
Sikar,Daudnagar,967,1150
Sikar,Belagavi,1303,1573
Sikar,Hanamkonda,1155,1509
Sikar,Sitamarhi,1033,1237
Sikar,Morena,308,402
Sikar,Agra,287,349
Sikar,Sitapur,546,676
Sikar,Delhi,227,295
Sikar,Faridabad,231,278
Sikar,Jodhpur,259,314
Sikar,Mahoba,538,721
Sikar,Pakur,1312,1568
Sikar,Sagar,552,727
Sikar,Baghpat,252,330
Sikar,Nawada,1081,1281
Sikar,Bikaner,185,221
Sikar,Mirzapur,789,917
Sikar,Ghazipur,869,1027
Sikar,Jaipur,100,114
Sikar,Durgapur,1303,1454
Sikar,Chitrakoot,631,776
Sikar,Aligarh,292,356
Sikar,Rohtas,929,1078
Sikar,Palamu,991,1236
Sikar,Araria,1233,1448
Sikar,Dholpur,290,375
Sikar,Calicut,1811,2259
Sikar,Jehanabad,1017,1222
Sikar,Bhagalpur,1208,1420
Sikar,Sri Ganganagar,283,348
Sikar,Balaghat,819,1085
Sitamarhi,Lucknow,453,552
Sitamarhi,Rajsamand,1176,1424
Sitamarhi,Raebareli,425,520
Sitamarhi,Patna,116,131
Sitamarhi,Gaya,205,231
Sitamarhi,Kota,977,1185
Sitamarhi,Sikar,1033,1237
Sitamarhi,Prayagraj,387,466
Sitamarhi,Bhopal,896,1096
Sitamarhi,Una,1048,1407
Sitamarhi,Bundi,994,1217
Sitamarhi,Sarangarh,606,782
Sitamarhi,Lakhimpur,491,621
Sitamarhi,Madhepura,98,118
Sitamarhi,Arrah,141,174
Sitamarhi,Daudnagar,204,234
Sitamarhi,Belagavi,1647,1994
Sitamarhi,Hanamkonda,1130,1465
Sitamarhi,Sitamarhi,0,0
Sitamarhi,Morena,748,902
Sitamarhi,Agra,747,885
Sitamarhi,Sitapur,490,642
Sitamarhi,Delhi,861,1064
Sitamarhi,Faridabad,833,1061
Sitamarhi,Jodhpur,1244,1454
Sitamarhi,Mahoba,580,714
Sitamarhi,Pakur,320,450
Sitamarhi,Sagar,746,928
Sitamarhi,Baghpat,856,1067
Sitamarhi,Nawada,188,224
Sitamarhi,Bikaner,1216,1456
Sitamarhi,Mirzapur,335,416
Sitamarhi,Ghazipur,222,289
Sitamarhi,Jaipur,966,1123
Sitamarhi,Durgapur,385,482
Sitamarhi,Chitrakoot,490,592
Sitamarhi,Aligarh,748,900
Sitamarhi,Rohtas,224,268
Sitamarhi,Palamu,335,390
Sitamarhi,Araria,201,238
Sitamarhi,Dholpur,757,915
Sitamarhi,Calicut,1979,2502
Sitamarhi,Jehanabad,160,181
Sitamarhi,Bhagalpur,210,301
Sitamarhi,Sri Ganganagar,1197,1506
Sitamarhi,Balaghat,755,1029
Sitapur,Lucknow,83,89
Sitapur,Rajsamand,732,900
Sitapur,Raebareli,158,167
Sitapur,Patna,495,595
Sitapur,Gaya,530,628
Sitapur,Kota,546,675
Sitapur,Sikar,546,679
Sitapur,Prayagraj,263,290
Sitapur,Bhopal,579,703
Sitapur,Una,607,734
Sitapur,Bundi,554,707
Sitapur,Sarangarh,705,917
Sitapur,Lakhimpur,43,46
Sitapur,Madhepura,587,726
Sitapur,Arrah,455,543
Sitapur,Daudnagar,465,557
Sitapur,Belagavi,1445,1782
Sitapur,Hanamkonda,1065,1355
Sitapur,Sitamarhi,490,643
Sitapur,Morena,291,342
Sitapur,Agra,267,327
Sitapur,Sitapur,0,0
Sitapur,Delhi,373,448
Sitapur,Faridabad,343,448
Sitapur,Jodhpur,774,895
Sitapur,Mahoba,264,321
Sitapur,Pakur,787,975
Sitapur,Sagar,456,535
Sitapur,Baghpat,371,427
Sitapur,Nawada,569,687
Sitapur,Bikaner,727,883
Sitapur,Mirzapur,328,375
Sitapur,Ghazipur,362,434
Sitapur,Jaipur,489,565
Sitapur,Durgapur,803,934
Sitapur,Chitrakoot,265,316
Sitapur,Aligarh,258,306
Sitapur,Rohtas,433,527
Sitapur,Palamu,537,717
Sitapur,Araria,691,855
Sitapur,Dholpur,292,357
Sitapur,Calicut,1876,2331
Sitapur,Jehanabad,502,629
Sitapur,Bhagalpur,679,826
Sitapur,Sri Ganganagar,712,863
Sitapur,Balaghat,639,861
Sri Ganganagar,Lucknow,771,914
Sri Ganganagar,Rajsamand,536,671
Sri Ganganagar,Raebareli,831,985
Sri Ganganagar,Patna,1207,1422
Sri Ganganagar,Gaya,1236,1455
Sri Ganganagar,Kota,555,714
Sri Ganganagar,Sikar,283,348
Sri Ganganagar,Prayagraj,928,1082
Sri Ganganagar,Bhopal,816,1050
Sri Ganganagar,Una,286,365
Sri Ganganagar,Bundi,525,676
Sri Ganganagar,Sarangarh,1303,1620
Sri Ganganagar,Lakhimpur,706,858
Sri Ganganagar,Madhepura,1295,1554
Sri Ganganagar,Arrah,1167,1370
Sri Ganganagar,Daudnagar,1170,1384
Sri Ganganagar,Belagavi,1558,1877
Sri Ganganagar,Hanamkonda,1438,1857
Sri Ganganagar,Sitamarhi,1197,1471
Sri Ganganagar,Morena,553,700
Sri Ganganagar,Agra,504,620
Sri Ganganagar,Sitapur,712,861
Sri Ganganagar,Delhi,340,408
Sri Ganganagar,Faridabad,373,449
Sri Ganganagar,Jodhpur,415,501
Sri Ganganagar,Mahoba,782,988
Sri Ganganagar,Pakur,1500,1802
Sri Ganganagar,Sagar,827,1039
Sri Ganganagar,Baghpat,342,430
Sri Ganganagar,Nawada,1279,1515
Sri Ganganagar,Bikaner,216,241
Sri Ganganagar,Mirzapur,1007,1178
Sri Ganganagar,Ghazipur,1068,1261
Sri Ganganagar,Jaipur,381,462
Sri Ganganagar,Durgapur,1510,1714
Sri Ganganagar,Chitrakoot,866,1043
Sri Ganganagar,Aligarh,467,580
Sri Ganganagar,Rohtas,1135,1354
Sri Ganganagar,Palamu,1217,1497
Sri Ganganagar,Araria,1397,1682
Sri Ganganagar,Dholpur,530,673
Sri Ganganagar,Calicut,2074,2563
Sri Ganganagar,Jehanabad,1213,1456
Sri Ganganagar,Bhagalpur,1391,1653
Sri Ganganagar,Sri Ganganagar,0,0
Sri Ganganagar,Balaghat,1096,1411
Una,Lucknow,684,838
Una,Rajsamand,747,940
Una,Raebareli,756,908
Una,Patna,1084,1346
Una,Gaya,1131,1379
Una,Kota,694,854
Una,Sikar,441,556
Una,Prayagraj,862,1005
Una,Bhopal,916,1156
Una,Una,0,0
Una,Bundi,671,816
Una,Sarangarh,1287,1606
Una,Lakhimpur,585,737
Una,Madhepura,1147,1477
Una,Arrah,1050,1294
Una,Daudnagar,1069,1307
Una,Belagavi,1739,2061
Una,Hanamkonda,1527,1861
Una,Sitamarhi,1048,1394
Una,Morena,576,686
Una,Agra,504,606
Una,Sitapur,607,740
Una,Delhi,316,366
Una,Faridabad,353,402
Una,Jodhpur,660,842
Una,Mahoba,770,948
Una,Pakur,1365,1725
Una,Sagar,879,1025
Una,Baghpat,294,348
Una,Nawada,1165,1438
Una,Bikaner,477,589
Una,Mirzapur,934,1101
Una,Ghazipur,967,1185
Una,Jaipur,507,605
Una,Durgapur,1400,1637
Una,Chitrakoot,829,995
Una,Aligarh,433,503
Una,Rohtas,1038,1277
Una,Palamu,1144,1420
Una,Araria,1240,1605
Una,Dholpur,551,659
Una,Calicut,2238,2746
Una,Jehanabad,1099,1380
Una,Bhagalpur,1255,1577
Una,Sri Ganganagar,286,366
Una,Balaghat,1138,1397
